Suburb,Match
ACACIA PARK,ACACIA
ACACIA PARK,ACASIA
ACACIA PARK,ACASIA PARK
ACACIA PARK,ACASIA PARK - KENSINGTON
AIRPORT,AIRPORT RUNWAY
AIRPORT INDUSTRIAL,AIRPORT INDUSTRIA
AIRPORT INDUSTRIAL,BOQUINAR INDUSTRIAL AREA
AIRPORT INDUSTRIAL,NEXT TO AIRPORT
AMANDA GLEN,AMANDA GLEN - BELLVILLE
AMANDA GLEN,AMANDA GLEN - DURBANVILLE
ANNANDALE FARM,ANNANDALE
ANNANDALE FARM,ANNENDALE
ASANDA,"ASANDA VILLAGE, STRAND"
ASANDA,ASANTA VILLAGE
ATHLONE,ATHLONE.
ATHLONE INDUSTRIA,ATHLONE INDUSTRIA 1
ATHLONE INDUSTRIA,ATHLONE INDUSTRIA 2
ATHLONE INDUSTRIA,ATHLONE INDUSTRY
ATLANTIS,ALANTIS
ATLANTIS,ATLATIS
ATLANTIS,"AVONDALE, ATLANTIS"
ATLANTIS INDUSTRIAL,ATLANTIS INDUSTRIA
ATLANTIS INDUSTRIAL,ATLANTIS INDUSTRY
ATLANTIS INDUSTRIAL,INDUSTRAIL
ATLANTIS INDUSTRIAL,INDUSTRIA
ATLANTIS INDUSTRIAL,INDUSTRIAL
ATLANTIS INDUSTRIAL,INDUSTRIAL AREA
ATLANTIS INDUSTRIAL,"PROTEA PARK, ATLANTIS"
AUSTINVILLE,AUSTENVILLE
AVONWOOD,AVONWOOD~
BAKOVEN,BAKOVAN
BARDALE,BARDALE INFORMAL
BARDALE,"BARDALE INFORMAL,MFULENI"
BARDALE,BARDALE SQUATTER CAMP
BARDALE,BARDALE VILLAGE
BEACON VALLEY,BEACON VALLEY (MPN)
BEACON VALLEY,BEACONVALLEY
BEACONHILL,BEACON HILL
BEACONVALE,BECONVALE
BELGRAVIA,BEHIND CAYS CARAVAN PARK
BELGRAVIA,BEHIND HIGH GATE
BELGRAVIA,BELGRAVIA -BELLVILLE
BELGRAVIA,BELGRAVIA ESTATE
BELHAR,BELHAR 1
BELHAR,BELHAR 12
BELHAR,BELHAR 13
BELHAR,BELHAR 14
BELHAR,BELHAR 15
BELHAR,BELHAR EXT
BELHAR,BELHAR EXT 1
BELHAR,BELHAR EXT 10
BELHAR,BELHAR EXT 11
BELHAR,BELHAR EXT 12
BELHAR,BELHAR EXT 13
BELHAR,BELHAR EXT 14
BELHAR,BELHAR EXT 15
BELHAR,BELHAR EXT 16
BELHAR,BELHAR EXT 17
BELHAR,BELHAR EXT 17 ERICA
BELHAR,BELHAR EXT 18
BELHAR,BELHAR EXT 19
BELHAR,BELHAR EXT 2
BELHAR,BELHAR EXT 20
BELHAR,BELHAR EXT 21
BELHAR,BELHAR EXT 22
BELHAR,BELHAR EXT 23
BELHAR,BELHAR EXT 3
BELHAR,BELHAR EXT 4
BELHAR,BELHAR EXT 5
BELHAR,BELHAR EXT 6
BELHAR,BELHAR EXT 7
BELHAR,BELHAR EXT 8
BELHAR,BELHAR EXT 9
BELHAR,BELHAR EXTENTION11
BELHAR,BELHAR NT
BELHAR,CPUT
BELHAR,CPUT - BELHAR
BELLVILLE,BELL AIR
BELLVILLE,BELL GLEN
BELLVILLE,BELLAIR
BELLVILLE,BELLVILLE ( SANLAMHOF )
BELLVILLE,BELLVILLE ( STIKLAND )
BELLVILLE,BELLVILLE CBD
BELLVILLE,BELLVILLE LANDFILL
BELLVILLE,BELLVILLE LOT 3
BELLVILLE,BELLVILLE SHUNTING YARD
BELLVILLE,BELLVILLE SOUTH
BELLVILLE,BELLVILLE SOUTH EXT 13
BELLVILLE,BELLVILLE SOUTH EXT 5
BELLVILLE,BELLVILLE SOUTH INDUSTRIA
BELLVILLE,BELLVILLE SOUTH INDUSTRIAL
BELLVILLE,BELLVILLE SOUTH INDUTRIAL
BELLVILLE,BELLVILLE TEACHERS COLLEGE
BELLVILLE,BELVILLE
BELLVILLE,BOSBELL
BELLVILLE,CHRISMAR
BELLVILLE,DURBELL
BELLVILLE,O'KENNEDYVILLE
BELLVILLE,SANLAMHOF
BELLVILLE,SANLAMHOF - BELLVILLE
BELLVILLE,SONNENDAL
BELTHORN ESTATE,BELTHORNE ESTATE
BERNADINO HEIGHTS,BERNADENO HEIGHTS
BERNADINO HEIGHTS,BERNODINO HEIGHTS
BEVERLY PARK,BEVERLEY PARK
BISHOPSCOURT,BISHOPS COURT
BLAAUWBERG,BLAAWBERG/ CAPETOWN
BLAAUWBERG,BLOUBERG RISE
BLAAUWBERG,BLOUBERG SANDS
BLAAUWBERGSTRAND,BLAAUBERG STRAND
BLAAUWBERGSTRAND,BLAAUWBERG SANDS
BLAAUWBERGSTRAND,BLAAUWBERGRANT
BLACKHEATH,JACOBSDAL SMALLHOLDINGS
BLACKHEATH INDUSTRIA,BLACKHEATH INDUSTIA
BLACKHEATH INDUSTRIA,BLACKHEATH INDUSTRIAL
BLOEKOMBOS,BLOEKOMBOS - KRAAIFONTEIN
BLUE DOWNS,BLUE DOWNS CBD
BLUE DOWNS,BLUE DOWNS WAY
BLUE DOWNS,FOREST GLADE-BLUE DOWNS
BO-KAAP,BO KAAP
BONNYBROOK,BONNIE BROOK
BONNYBROOK,BONNY BROOK
BONTEHEUWEL,BONTEHEUVEL
BONTEHEUWEL,BONTEHEUWAL
BONTEHEUWEL,BONTEHEUWEL/NETREG
BONTEHEUWEL,BONTEHUWEL
BONTEHEUWEL,BONTEUWEL
BONTEHEUWEL,BONTIHEUWEL
BONTEHEUWEL,BONTIHUEWEL
BOTFONTEIN SMALLHOLDINGS,BOTFONTEIN SMALL HOLDINGS
BOTTELARY SMALLHOLDINGS,BOTTELARY SMALLHOLDINGS 1
BOTTELARY SMALLHOLDINGS,BOTTELARY SMALLHOLDINGS 2
BRACKENFELL,BRACKEN HEIGHTS
BRACKENFELL,BRACKENFELL CENTRAL
BRACKENFELL,BRACKENFELL COMMON
BRACKENFELL,BRACKENFELL INDUSTRIA
BRACKENFELL,BRACKENFELL NORTH
BRACKENFELL,BRACKENFELL SOUTH
BRACKENFELL,BRACKENFELL SOUTH 2
BRACKENFELL,BRACKENFELL~
BRACKENFELL,BRAKENFELL INDUSTRIA
BRACKENFELL,CAPE GATE
BRANTWOOD,BRENTWOOD PARK
BRANTWOOD,BRENTWOOD PARK - BLUE DOWNS
BRANTWOOD,BRENTWOOD-PARK
BRIDGETOWN,BRIDGE TOWN
BRIDGETOWN,BRIDGETOWN~
BROADLANDS PARK,BROADLANDS INDUSTRIAL PARK
BROOKLYN,BROOKLYN - YSTERPLAAT
BROOKLYN,BROOKLYN/PAARDENEILAND
BROWN'S FARM,BROWNS FARM
BROWN'S FARM,BROWNS FARM PHILIPPI
BROWN'S FARM,BROWNS FARMS
BUH-REIN ESTATE,BUH REIN ESTATE
BUH-REIN ESTATE,BUR-HEIN ESTATE
BURGUNDY ESTATE,BURGANDY ESTATE
BURGUNDY ESTATE,BURGUNDY
CAMPS BAY,CAMPS BAY / BAKOVEN
CAPE TOWN,RIVERLAND
CAPE TOWN,UWC
CAPE TOWN,WORLD'S VIEW
CAPE TOWN,WP PARK
CAPE TOWN,WP SHOWGROUNDS
CAPRICORN PARK,CAPRICORN
CAPRICORN PARK,"CAPRICORN, VRYGON"
CAPRICORN PARK,"CAPRICORN, VRYGROND"
CAPRICORN PARK,VRYGROND/CAPRICORN PARK
CAREY PARK,CAREY PARKS
CENTRAL,CENTRAL CAPE TOWN
CENTRAL,CITY
CHRIS HANI PARK,CHRIS HANI INFORMAL SETTLEMENT
CHRIS NISSEN PARK,CHRIS NISSAN
CHRIS NISSEN PARK,CHRIS NISSAN PARK
CHRIS NISSEN PARK,CHRISH NISSEN PARK
CHRIS NISSEN PARK,CHRISNISSEN VILLAGE
CHRIS NISSEN PARK,NEXT TO CHRIS NISSEN PARK
CHRIS NISSEN PARK,SOMERSET WEST ( CHRIS NISSEN PARK )
CLAMHALL,CLAM HALL
CLARKES ESTATE,CLARKS ESTATE
COLORADO PARK,COLLORADO PARK
COLORADO PARK,COLOMBARD AREA
COLORADO PARK,COLORADO
COLORADO PARK,COLORADO - MITCHELLS PLAIN
COLORADO PARK,COLORADO - MITCHELS PLAIN
CONNAUGHT,CONNAUGHT ESTATE
CONSTANTIA,CONSTANTIA / DIEPRIVER
CONSTANTIA,CONSTANTIA VILLAGE
CRAVENBY,CRAVENBY ESTATE
CROSSROADS,CROSS ROADS
CROSSROADS,CROSSROAD
CROYDON,CROYDEN
CROYDON,CROYDON FAURE
CROYDON,CROYDON OLIVE ESTATE
CROYDON,CROYDON VINEYARD ESTATE
CROYDON,CROYDON FAURE
DASSENBERG,DASSENBERG ROAD
DASSENBERG,KLEIN DASSENBERG
DE BRON,"WATERKLOOF, DE BRON EXT 44"
DE NOVO,DE NOVA
DE TIJGER,AVONDALE - DE TIJGER
DEEPFREEZE,DEEPFREEZ
DELFT,AIRPORT GROUNDS DELFT
DELFT,BELHADELFT 4
DELFT,DELFT 1 & 2
DELFT,DELFT 3
DELFT,DELFT 32710
DELFT,DELFT 4
DELFT,DELFT 5
DELFT,DELFT 6
DELFT,DELFT 7
DELFT,DELFT 8
DELFT,DELFT 9
DELFT SOUTH,DEFT SOUTH
DELFT SOUTH,DELFT SOUTH / EINDHOVEN
DELFT SOUTH,DELFT SOUTH.
DENNEMERE,DENEMERE
DEVON PARK,"DEVON PARK, EERSTE RIVER"
DIEPRIVER,DIEP RIVER
DIEPRIVER,DIEP RIVIER
DIEPRIVER,DIEPRIVIER
DOCKS,"DOCKS, CITY"
DRIFTSANDS,DRIFSANDS
DRIFTSANDS,DRIFT SANDS
DUINEFONTYN,DUINEFONTEIN
DUINEFONTYN,DUYNEFONTEIN
DUNOON,DE NOON
DURBANVILLE,D'URBANVALE
DURBANVILLE,DURBANVILLE EXT SV39
DURBANVILLE,DURBANVILLE HILLS
DURBANVILLE,DURBAVILLE
DURBANVILLE,DURDANVILLE
DURMONTE,DUMONTE
DURMONTE,DUR MONTE
EDGEMEAD,EDGEMEAD - MONTE VISTA
EERSTERIVIER,"CONDOR PARK, EERSTERIVER"
EERSTERIVIER,EEERSTERVIER
EERSTERIVIER,EERSTE RIVER
EERSTERIVIER,EERSTER RIVER
EERSTERIVIER,EERSTERIVER
EERSTERIVIER,EERSTERIVER~
EERSTERIVIER,EERSTERIVIER SOUTH
EERSTERIVIER,EESTER RIVER
EIKENBOSCH,EIKENBOSCH KUILS RIVER
EIKENDAL,EIKENDAL - KRAAIFONTEIN
EIKENDAL,EIKENDALE
EIKENDAL,EIKENDEAL
EINDHOVEN,"EINDHOVEN, DELFT"
EKUPHUMULENI,EKUPHUMLENI
ELECTRIC CITY,"ELECTRIC CITY, EERSTE RIVER"
ELECTRIC CITY,ELECTRIC-CITY
ELECTRIC CITY,ELETRIC CITY
ELIM,JAN KRIEL
ELNOR,"ELNOR, ELSIES RIVER"
ELSIES RIVER,ELSIES
ELSIES RIVER,ELSIES RIVIER
ELSIES RIVER,ELSIESRIVIER
ELSIES RIVER,LEONSDALE
ELSIES RIVER,LEONSDALE ELSIES RIVER
ELSIES RIVER,"LEONSDALE, ELSIES RIVER"
ELSIES RIVER INDUSTRIA,ELSIES RIEVER INDUSTRIAL
ELSIES RIVER INDUSTRIA,ELSIES RIVER ( INDUSTRIAL )
ELSIES RIVER INDUSTRIA,ELSIES RIVER INDUSTRIAL
ELSIES RIVER INDUSTRIA,ELSIES RIVIER INDUSTRIA
ENDLOVINI,ENDLOVINI INFORMAL SETTLEMENT
ENKANINI,ENKANINI INFORMAL SETTLEMENT
EPPING 1,EPPING INDUSTRIA 1
EPPING 2,EPPING IND 2
EPPING 2,EPPING INDUSTRIA 2
EPPING 2,EPPING INDUSTRIA NO.2
EPPING FOREST,EPPING FORREST
EPPING INDUSTRIA,EPPING INDUSTRIAL
EUREKA ESTATE,EUREKA
EVERITE INDUSTRIA,EVERITE
EVERSDAL,EVERSDAL - BELLVILLE
EVERSDAL,EVERSDAL - DURBANVILLE
EVERSDAL,EVERSDAL EXT 21
EVERSDAL,EVERSDAL HEIGHTS
FALSE BAY COASTAL PARK,FALSE BAY
FAURE,FAURE ]
FIRLAND,FIRLANDS
FIRLAND,FIRLANDES
FIRLAND,FIRLANDS FARM
FISANTEKRAAL,FISANTE KRAAL
FISANTEKRAAL INDUSTRIAL,FISANTEKRAAL (TYGERBERG) INDUSTRIAL PARK
FISH HOEK,CAPRI
FISH HOEK,FISHHOEK
FISH HOEK,PEERS HILL
FOREST HEIGHTS,FORESTS HEIGHTS
FOUNTAIN VILLAGE,FOUNTAIN-VILLAGE
FRANKDALE,FRANKDALE TIPSITE
GANTS PARK,"GANTS PARK,  STRAND"
GANTS PARK,"GANTS PARK, STRAND"
GEORGE PARK,"GEORGE PARK, STRAND"
GLENHAVEN,"GLENHAVEN, BELLVILLE SOUTH"
GOODWOOD,GOODWOOD ESTATE
GOODWOOD,GOODWOOD EXT 1
GORDONS BAY,GORDANS BAY
GORDONS BAY,GORDON HEIGHTS
GORDONS BAY,GORDON'S BAY
GORDONS BAY,GORDONS BAY EXT 12
GORDONS BAY,GORDONS BAY STRAND
GORDONS BAY,GORDONS BAY VILLAGE
GORDONS BAY,GORDONS STRAND ESTATE
GORDONS BAY,GORDONSBAY
GORDONS BAY,HARBOUR ISLAND
GORDONS BAY,SEA BREEZ PARK
GORDONS BAY,TEMPERANCE TOWN
GREEN POINT,GREENPOINT
GREENFIELDS,GREENFIELD
GUGULETHU,GUGULETU
GUGULETHU,GUGULETU/NYANGA
HANOVER PARK,HANNOVER PARK
HAZELDENE,HAZELDENE PHILIPPI
HEATHFIELD,HEATHFIELD.
HEINZ PARK,HEINZPARK
HELDERBERG,HELDER ZIGHT
HELDERBERG,HELDERBERG ESTATE
HELDERBERG,HELDERBERG INDUSTRIAL PARK
HELDERBERG,HELDERBERG PARK
HELDERVUE,HELDERVIEW
HELDERVUE,HELDEVUE
HELDERZICHT,HELDERZIGHT
HIGGOVALE,HUGOVALE
HIGH RIDING,HIGH RIDING ESTATE
HIGHBURY,HIGHBURY PARK
HIGHLANDS ESTATE,HIGHLANDS ESTATE; SCHAAPKRAAL
HILL VIEW,HILLVIEW
HILLCREST HEIGHTS,HILLCREST ESTATE
HILLCREST HEIGHTS,HILLCREST HEIGHT
HILLCREST HEIGHTS,HILLCREST W
HOUT BAY,HHOUT BAY
HOUT BAY,HOUT AY
HOUT BAY,HOUTBAY
HOUT BAY,HOUT-BAY
JAGTERSHOF,JAGTESHOF
JOE SLOVO PARK,JOE SLOVO
JOOSTENBERGVLAKTE,JOOSTEBERG VLAKTE
JOOSTENBERGVLAKTE,JOOSTENBERG
JOOSTENBERGVLAKTE,JOOSTENBERG VLAKTE
JOOSTENBERGVLAKTE,JOOSTENBERGVLAKTE SMALLHOLDINGS
JOOSTENBERGVLAKTE,JOOTENBERGVLAKTE
KALK BAY,KALKBAY
KALKFONTEIN,KALKFONTEIN 1
KALKFONTEIN,KALKFONTEIN II
KALKFONTEIN,KALKFONTEIN/HIGHBURY
KALKSTEENFONTEIN,KALKSTEEN FONTEIN
KALKSTEENFONTEIN,KALKSTEINFONTEIN.
KANANA,KANANA INFORMAL
KENRIDGE,KENRIDGE - BELLVILLE
KENRIDGE,KENRIDGE - DURBANVILLE
KENSINGTON,KENSIGNTON
KENSINGTON,KENTEMADE (KENSINGTON)
KHAYALITSHA,NKANINI
KHAYALITSHA,P SECTION/BLOCK
KHAYELITSHA,4
KHAYELITSHA,"	BONGANI"
KHAYELITSHA,A SECTION
KHAYELITSHA,BARCELONA
KHAYELITSHA,BARNET MOLOKWANA CORNER
KHAYELITSHA,BORCHERS QUARRY SEWRAGE PLANT
KHAYELITSHA,C SECTION
KHAYELITSHA,D SECTION
KHAYELITSHA,"D-SECTION, KHAYELITSHA"
KHAYELITSHA,E - BLOCK
KHAYELITSHA,E13
KHAYELITSHA,EXRENSION 12
KHAYELITSHA,EXT 12
KHAYELITSHA,EXT 13
KHAYELITSHA,EXT 16
KHAYELITSHA,EXT 21
KHAYELITSHA,EXT.12
KHAYELITSHA,EXT12
KHAYELITSHA,EXTENSION 12
KHAYELITSHA,EXTENSION TWELVE
KHAYELITSHA,EXTENSION TWELVE SHERWOOD PARK
KHAYELITSHA,EXTENTION 12
KHAYELITSHA,EXTENTION 21
KHAYELITSHA,F-SECTION
KHAYELITSHA,HARARE (KHAYELITSHA)
KHAYELITSHA,"H-BLOCK, KHAYELITSHA"
KHAYELITSHA,IKWEZI PARK
KHAYELITSHA,IKWEZI PARK (MANDALAY)
KHAYELITSHA,"IKWEZI PARK, KHAYELITSHA"
KHAYELITSHA,KHAYA
KHAYELITSHA,KHAYALITSHA
KHAYELITSHA,KHAYELITHA
KHAYELITSHA,KHAYELITSHA /PAMA
KHAYELITSHA,KHAYELITSHA VILLAGE
KHAYELITSHA,KHAYELITSHA VILLAGE 3 STH
KHAYELITSHA,"KHAYELITSHA, HARARE"
KHAYELITSHA,KSECTION
KHAYELITSHA,MXOLISI PHETANI
KHAYELITSHA,SABATA DALINDYEBO SQUARE
KHAYELITSHA,SILVERTOWN
KHAYELITSHA,SILVERTOWN - KHAYELITSHA
KHAYELITSHA,SITE B
KHAYELITSHA,SITE B (KHAYELITSHA)
KHAYELITSHA,SITE C
KHAYELITSHA,SITE C - KHAYELITSHA
KHAYELITSHA,"SITE C, KHAYELITSHA"
KHAYELITSHA,"SITE C,KHAYELITSHA"
KHAYELITSHA,SITE.B
KHAYELITSHA,SITE-C-KHAYELITSHA
KHAYELITSHA,SOLOMON MAHLANGU BLOCK (KHAYELITSHA) NEXT TO SANLAM SHOPPING CENTRE
KHAYELITSHA,TOWN 2
KHAYELITSHA,TOWN 2 - SST SECTION
KHAYELITSHA,TOWN 2 VILLAGE 4 KHAYALITSHA
KHAYELITSHA,TOWN 2 VILLAGE 4 KHAYELITSHA
KHAYELITSHA,TR SECTION
KHAYELITSHA,UMRHABULO TRIANGLE
KHAYELITSHA,"U-SECTION, SITE B"
KHAYELITSHA,VILLAGE V1 NORTH
KHAYELITSHA,VILLAGE V1 SOUTH
KHAYELITSHA,VILLAGE V2 NORTH
KHAYELITSHA,VILLAGE V3 NORTH
KLEIN DASSENBERG,KLEIN DASSENBERG DRIVE
KLEINBEGIN,KLEIN BEGIN
KLEINBOSCH,KLEINBOS
KLEINBRON,KLEINBRON ESTATE
KLEINVLEI,KLEIN VLEI
KLEINVLEI,KLEINVLEI TOWN
KLIPHEUWEL,KLIPHEUWEL (HOUSING SCHEME)
KLIPHEUWEL,KLIPHEUWEL HOUSING SCHEME
KLIPHEUWEL,KLIPHEUWEL(MIKPUNT)
KLIPHEUWEL,KLIPHEWEL
KOMMETJIE,IMHOFF GIFT
KOMMETJIE,IMHOFF'S GIFT
KOMMETJIE,IMHOFF'S GIFT/KOMMETJIE
KRAAIFONTEIN,KRAAIFONTEIN EAST
KRAAIFONTEIN,KRAAIFONTEIN EAST 1
KRAAIFONTEIN,KRAAIFONTEIN EXT 17
KRAAIFONTEIN INDUSTRIA,KRAAIFONTEIN INDUSTRY
KUILSRIVIER,KLEIN ZEVENWACHT
KUILSRIVIER,KUILS RIVER
KUILSRIVIER,KUILS RIVER COMMON
KUILSRIVIER,KUILS RIVER SOUTH
KUILSRIVIER,KUILS RIVER SPORTS GROUNDS
KUILSRIVIER,KUILSRIVER
KUILSRIVIER,KUILSRIVER~
KUILSRIVIER,KUILSRIVIER SOUTH SMALLHOLDINGS
KUILSRIVIER INDUSTRIA,KUILSRIVER INDUSTRIA
KUILSRIVIER INDUSTRIA,KUILSRIVER INDUSTRIAL AREA
KUYASA,60 SECTION KUYASA
LANGEBERG HOOGTE,LANGEBERG HOOGTE / SMALL HOLDINGS
LANGEBERG RIDGE,LANGBERG RIDGE
LANGEBERG RIDGE,LANGEBERG RIGDE
LANGEBERG RIDGE,"LANGEBERG, DURBANVILLE"
LANGEBERG RIDGE,LANGEBURG RIDGE DURBANVILLE
LANSDOWNE ROAD,BETWEEN LANSDOWNE RD & BADEN POWELL DR
LANSDOWNE ROAD,BETWEEN LANSDOWNE RD & OLD FAURE RD
LANSDOWNE ROAD,BETWEEN LANSDOWNE RD & SWARTKLIP RD
LAVENDER HILL,LANSDOWNE
LAVENDER HILL,LAVEDER HILL
LAVENDER HILL,LAVENDAR HILL
LAVENDER HILL,LAVENDER HILL/SEAWINDS
LAVENDER HILL,LAVENDERHILL
LAVENDER HILL,ST MONTAGU VILLAGE / LAVENDER HILL
LEIDEN,LEIDEN.
LENTEGEUR,LENTEGUER
LINGELETHU WEST,LINGELETHU
LOEVENSTEIN,LOEVENSTEIN - HOHEIZEN
LOTUS RIVER,LOTUSRIVER
LOURENSIA PARK,LOURENZIA PARK
LOWER CROSSROADS,LOWER CROSSROAD
LUZUKO PARK,LUSUKO PARK
LUZUKO PARK,LUZUKO
MACASSAR,M
MACASSAR,MACASSA
MACASSAR,MACASSAR BEACH
MACASSAR,MACASSAR ROAD
MACASSAR,MACASSAR VILLAGE
MACASSAR,MACASSAR/KRAMAT
MACASSAR,MACCASAR VILLAGE
MACASSAR,SITARI COUNTRY ESTATE
MACASSAR,SMARTIE TOWN
MAITLAND,MAITLAND GARDEN VILLAGE
MAITLAND,MAITLAND.
MAITLAND,MAITLANT
MAKHAYA,22 MAKHAYA
MAKHAYA,MAKHAYA/MANDELA PARK
MAKHAZA,36 SECTION
MAKHAZA,MAKAZA
MAKHAZA,MAKHAYA
MAKHAZA,MAKHAZA - 36 SECTION
MAKHAZA,MAKHAZA - 40 SECTION
MAKHAZA,MAKHAZA - KHAYELITSHA
MAKHAZA,MAKHAZA KHAYELITSHA
MALIBU VILLAGE,"MALIBU VILLAGE, BLUEDOWNS"
MALMESBURY FARMS,MALMESBURY
MAMRE,MAMRE - ATLANTIS
MANDALAY,MANDALEY
MANDELA PARK,19 SECTION MANDELA PARK
MANDELA PARK,21 SECTION MANDELA PARK
MANDELA PARK,22 SECTION MANDELA PARK
MANDELA PARK,MANDELLA PARK
MANENBERG,MANNENBERG
MANENBERG,SAND INDUSTRIA
MARINA DA GAMA,"MARINA DA GAMA, STEENBERG"
MARINDA HEIGHTS,MARINA HEIGHTS
MARVINPARK,MARVIN PARK MACASSAR
MASIPHUMELELE,MASIPHUMELE
MASIPHUMELELE,MASIPHUMELELE (SITE 5)
MASIPHUMELELE,MASIPHUMEMLELE
MELKBOSSTRAND,MELKBOS
MELKBOSSTRAND,MELKBOS STRAND
MELKBOSSTRAND,MELKBOS VILAGE
MELKBOSSTRAND,MELKBOS VILLAGE
MELKBOSSTRAND,MELKBOSCH STRAND
MELKBOSSTRAND,MELKBOSCHPLAAS
MELKBOSSTRAND,MELKBOSTRAND
MELTON ROSE,MELTONROSE
MFULENI,MFULENI~
MILNERTON,BAYSIDE MILNERTON
MILNERTON,MILNERTON ( MONTAGUE GARDENS )
MILNERTON,MILNERTON RIDGE
MILNERTON,MILNERTON~
MITCHELLS PLAIN,MICHELLPLAIN
MITCHELLS PLAIN,MICTHELLSPLAIN
MITCHELLS PLAIN,MITCHELL;S PLAIN
MITCHELLS PLAIN,MITCHELL'S
MITCHELLS PLAIN,MITCHELL'S PLAIN
MITCHELLS PLAIN,MITCHELLS PLAIN CBD
MITCHELLS PLAIN,MITCHELLSPLAIN
MITCHELLS PLAIN,MITCHELL'SPLAIN
MITCHELLS PLAIN,MITCHELLS'S PLAIN
MITCHELLS PLAIN,MTCHELL'S PLAIN
MONTAGUE GARDENS,MONTAGUE GARDENS INDUSTRIA
MONTAGUE GARDENS,MONTEGUE GARDENS
MONTAGUE VILLAGE,MONTAGU VILLAGE
MONTAGU'S GIFT,MONTAGU`S GIFT
MONTAGU'S GIFT,"MONTAGU'S GIFT, OTTERY"
MONTAGU'S GIFT,MONTAGU'S GIFT|BETWEEN DANIEL AVENUE AND DOREEN ROAD
MONTAGU'S GIFT,MONTIQUE'S GIFT
MONTAGU'S GIFT,MOTAGU'S GIFT
MONTANA,MONTANA EXTENSION
MONTE VISTA,MONTE VISTA/EDGEMEAD
MONTROSE PARK,MONTROSS PARK
MORGANS VILLAGE,MORGAN VILLAGE
MORGENSTER,MORGENSTER HEIGHTS
MORGENSTER,MORGENSTER HOOGTE
MORKEL COTTAGES,MORKEL COTTAGE - STRAND
MORNINGSTAR,MORNING STAR
MORNINGSTAR,MORNING STAR (MELKBOS)
MOUNTAINSIDE ESTATES,MOUNTAINSIDE ESTATE
MOUNTAINSIDE ESTATES,MOUNTAINSIDE EXT 2
MOUNTAINVIEW,MOUNTVIEW
MOWBRAY,KING DAVID COUNTRY CLUB
MOWBRAY,MOBRAY
N1 CITY,N1-STAD
NDABENI,NDABENI / PINELANDS BUS. PARK
NEW WOODLANDS,NEW WOODLANDS (MPN) (MPN)
NEW WOODLANDS,NEW WOONDLANDS
NOMZAMO,NOMSAMO
NOMZAMO,NOMZANO
NOMZAMO,STRAND/NOMZAMO
NOOITGEDACHT,NOOITGEDAGT
NOORDHOEK,NOORDHOEK MANOR
NOORDHOEK,NOORDHOEK WETLANDS
NYANGA,NYANGA~
OAKDALE,BO OAKDALE
OAKGLEN,OAK GLEN
OCEAN VIEW,OCEANVIEW
OKAVANGO PARK,OKOVANGO PARK
OLD CROSSROADS,OLD CROSS ROAD
OLD CROSSROADS,OLD CROSSROADS|BOYS TOWN
OLD CROSSROADS,OLD CROSSROADS|PHILIPPI
ONVERWACHT,ONVERWACHT - THE STRAND
ONVERWACHT,ONVERWACHT (GORDONS BAY)
ONVERWACHT,ONVERWACHT VILLAGE
ONVERWACHT,ONVERWACHT-STRAND
ONVERWACHT,ONVERWAGHT
OOSTENBERG,BOTFONTEIN SMALLHOLDINGS
OOSTENBERG,OOSTERNBERG
OOSTERZEE,OOSTERZEE-BELLVILLE
OTTERY,OTTERY EAST
OTTERY,OTTREY
PAARDE VLEI,PAARDEVLEI
PAARDEN EILAND,PAARDEN ISLAND
PAARL FARMS,PAREL VALLEI
PAARL FARMS,PARELVALLEI KLEINHOEWES
PARKTOWN,PARKTOWN / BRIDGETOWN
PARKWOOD,PARKWOOD ESTATE
PAROW,PAROW GOLF COURSE
PAROW INDUSTRIA,ASSEGAAI STREET
PAROW INDUSTRIA,PAROW INDUSTRIAL
PAROW VALLEY,PAROWVALLEI
PAROW VALLEY,PAROWVALLEY
PEERLESS PARK,PEERLESS PARK EAST
PEERLESS PARK,PEERLESS PARK NORTH
PEERLESS PARK,PEERLESS PARK WEST
PELIKAN HEIGHTS,PELICAN HEIGHTS
PELIKAN PARK,PELICAN PARK
PHILIPPI,"MARIKANA, PHILIPPI"
PHILIPPI,PHILIPP1
PHILIPPI,PHILIPPI INDUSTRIA
PHILIPPI,PHILIPPI PARK
PHILIPPI,PHILLIPE
PHILIPPI,PHILLIPI
PHILIPPI,PHILLIPI OPPOSITE SWEETHOME.
PHILIPPI,PHILLIPPI
PHILIPPI EAST,PHILLIPI EAST
PHILPPI,"MISSION STATION, PHILPPI"
PINATI,PINATI ESTATE
PLATTEKLOOF,PLATTEKLOOF / LOEVENSTEIN
PLATTEKLOOF,PLATTEKLOOF 1
PLATTEKLOOF,PLATTEKLOOF 2
PLATTEKLOOF,PLATTEKLOOF 3
PLATTEKLOOF,PLATTEKLOOF GLEN
PORTLANDS,PORTLAND
PORTLANDS,PORTLANDS (MPN)
PRIMROSE PARK,PRIMROSE
PROTEA HOOGTE,PROTEA HEIGHTS
PROTEA HOOGTE,"PROTEA HEIGHTS, BRACKENFELL"
PROTEA HOOGTE,PROTEA HOOGTYE
PROTEA PARK,PROTEA PARK - WESFLEUR
RETREAT,RETREAT/SHERIDON PARK
RETREAT,SHERATON PARK
RETREAT,SHERIDON PARK
RICHMOND ESTATE,RICHMOND
RICHMOND ESTATE,RICHMOND PARK
RIVERTON,RIVERTON ELSIES RIVER
ROBINVALE,ROBIN VALE
ROCKLANDS,ROCKLANDS (MPN)
ROCKLANDS,ROCKLANDS / MITCHELLS PLAIN
ROCKLANDS,ROCKLANDS MITCHELL'S PLAIN
RONDEVLEI PARK,RONDERVLEI
RONDEVLEI PARK,RONDEVLEI
RONDEVLEI PARK,RONDEVLEI PARK'
RONDEVLEI PARK,RONDEVLEI~
ROOSENDAL,ROOSENDAAL
ROOSENDAL,"ROSENDAAL, DELFT"
ROOSENDAL,ROSENDAL
ROSEDALE,ROSEDALE - KLEIN VLEI
ROUXVILLE,ROUXVLLE
RUSTDAL,RUSDAL
RUYTERWACHT,RUITERWACHT
RUYTERWACHT,RUYTERWAGHT
RYLANDS ESTATE,RYLANDS
SACKS CIRCLE INDUSTRIA,SACK'S CIRCLE INDUSTRIA
SACKS CIRCLE INDUSTRIA,SACKS CIRCLE INDUSTRIAL
SALT RIVER,SALTRIVER
SAMORA MACHEL,SAMORA MACHEL - GUGULETHU
SAMORA MACHEL,SAMORA MACHEL / WELTEVREDEN VALLEY
SAMORA MACHEL,SAMORA MACHEL|WELTEVREDEN VALLEY NORTH
SAMORA MACHEL,SAMORA MACHELL
SANDDRIFT,SANDRIFT
SAREPTA,SAREPTA - KALKFONTEIN
SAXONSEA,SAXENBERG 2
SAXONSEA,SAXENBURG PARK
SAXONSEA,SAXENBURG PARK 1
SAXONSEA,SAXENBURG PARK 2
SAXONSEA,SAXON INDUSTRIAL
SAXONSEA,SAXON SEA
SAXONSEA,SAXON WORLD
SAXONSEA,SAXONWALD
SAXONSEA,SAXONWOLD
SAXONSEA,SAXONWOOD
SAXONSEA,SAXONWORLD
SCHAAP KRAAL,SCHAAPKRAAL
SCHAAP KRAAL,SCHAPPKRAAL
SCHOTSCHE KLOOF,SCHOTCHEKLOOF
SCHOTSCHE KLOOF,SCHOTCHES KLOOF
SCHOTSCHE KLOOF,SCHOTE KLOOF
SCHOTSCHE KLOOF,SCHOTSCHEKIOOF
SCHOTSCHE KLOOF,SCHOTSCHEKLOOF
SCHOTSCHE KLOOF,SCHOTSKLOOF
SCOTTSDENE,SCOTSDENE
SCOTTSDENE,SCOTT ESTATE
SCOTTSDENE,SCOTTDENE
SEAWINDS,SEA WINDS
SEAWINDS,"SEA WINDS, LAVENDER HILL."
SERCOR PARK,CASABLANCA
SERCOR PARK,SERCOR PARK / CASABLANCA
SHEFFIELD PARK,SHERFIELD PARK
SHERWOOD,SHERWOOD PARK
SHERWOOD,SHERWOOO
SHERWOOD,SHERWWOD
SHIRLEY PARK,SHIRLEY PARK - STIKLAND
SIGNAL HILL / LIONS HEAD,SIGNAL HILL
SILVERMINE,SILVERMINE VILLAGE
SIMONSTOWN,SIMONS TOWN
SIMONSTOWN,SIMON'S TOWN
SIR LOWRYS PASS,N2 OUTBOUND AFTER LOOKOUT POINT SIR LOWR
SIR LOWRYS PASS,SIR LOWERIES PASS
SIR LOWRYS PASS,SIR LOWRY PASS VILLAGE
SIR LOWRYS PASS,SIR LOWRY VILLAGE
SIR LOWRYS PASS,SIR LOWRYS
SIR LOWRYS PASS,SIR LOWRY'S PASS
SIR LOWRYS PASS,SIR LOWRYS PASS VILLAGE
SIR LOWRYS PASS,SIR LOWRY'S PASS VILLAGE
SIR LOWRYS PASS,SIR LOWRYS PASS VILLAGE CENTRE
SIR LOWRYS PASS,SIR LOWRY'S PASS VILLAGE CENTRE
SIR LOWRYS PASS,SIR LOW'S PASS VILLAGE
SIR LOWRYS PASS,SIRLOWRYS PASS
SIR LOWRYS PASS,SIRROCCO'S
SIR LOWRYS PASS,TRE DONNE
SOMERSET HEIGHTS,SOMERSET HIHGTS
SOMERSET WEST,BRIZA
SOMERSET WEST,FAURE
SOMERSET WEST,GOLDEN HILL EXT 1
SOMERSET WEST,HEARTLAND BEACH ROAD PRECINCT
SOMERSET WEST,HILCREST
SOMERSET WEST,SCHONENBERG
SOMERSET WEST,SOMERSET
SOMERSET WEST,SOMERSET ]WEST
SOMERSET WEST,SOMERSET WEST BUSINESS PARK
SOMERSET WEST,SOMERSET WEST COUNTRY CLUB
SOMERSET WEST,SOMERSET WEST NATURE RESERVE
SOMERSET WEST,SOMERSET WET
SOMERSET WEST,SOMERSETY WEST
SONEIKE,SONEIKE I
SONEIKE,SONEIKE II
SONKRING,SONEKIRING
SONKRING,"SONKRING, BRACKENFELL"
SONSTRAAL HEIGHTS,SONTRAAL HEIGHTS
SPRINGBOK PARK,SPRINGBOKPARK
ST JAMES,ST. JAMES
STEENBERG,STEENBERG.
STEENBERG,STEENBERG/CONISTON PARK
STEENBRAS DAM,STEENBRASDAM
STELLENBOSCH,STELLENBOSCH UNIV
STELLENBOSCH FARMS,STELLENBOSCH FARMS (BLUE DOWNS)
STELLENBOSCH FARMS,STELLENBOSCH FARMS (KUILSRIVIER)
STIKLAND,STIKLAND HOSPITAAL
STIKLAND,STIKLAND INDUSTRIA
STIKLAND,STIKLAND INDUSTRIAL
STRAND,STRAND GOLF CLUB
STRANDFONTEIN,STRANDFONTEIN ROAD
STRANDFONTEIN,STRANDFONTIEN
STRATFORD,STRATFORD GREEN
STRATFORD,STRATFORD PARK
SUMMER GREENS,CENTURY CITY - SUMMER GREENS
SUMMER GREENS,SUMMERGREENS
SUMMERVILLE,SUMMERVILE
SUMMERVILLE,SUMMER-VILLE
SUNBIRD PARK,SUNBIR PARK
SUNNYDALE,"POESPASKRAAL, SUNNYDALE"
SUNNYDALE,SUNNY DALE
SUNNYDALE,SUNNYDALLE
SWEET HOME,SWEET HOME INFORMAL
TABLE MOUNTAIN,"GLEN, TABLE MOUNTAIN"
TABLE VIEW,DIRECTION TABLE VIEW
TABLE VIEW,TABLEVIEW
TAFELSIG,TAFELSIG (MPN)
TAFELSIG,TAFELSIG MITCHELLS PLAIN
TAFELSIG,TAFLESIG
TARENTAALPLAAS,STRAND TARENTAALPLAAS
TARENTAALPLAAS,TARENTAAL PLAAS
TARENTAALPLAAS,TARENTAALPLAAS|STRAND
THE CONIFERS,CONIFERS
THE CONIFERS,CONNIFERS
THE CONIFERS,THE CONIFFERS
THE CONIFERS,THE CONNIFERS
THE HAGUE,"THE HAGUE, DELFT"
THE LAKES,THE LAKES/ LAKE MICHELLE/ NOORDHOEK
TIJGERHOF,TIJERHOF ESTATE
TOKAI,TOKAI.
TRIANGLE FARM,TRIANGLE FARM / LABIANCE
TYGERBERG,T
TYGERBERG,TYGERBERG HOSPITAL
TYGERDAL,TYGERDAL - GOODWOOD
TYGERVALLEY,TYGERVALLEY WATERFRONT
UITSIG,UITSIG - ELSIES RIVIER
UITZICHT,UITZIGH
UITZICHT,UITZIGT
VALHALLA PARK,VAHALLA PARK
VALHALLA PARK,VALHALA PARK
VAN DER STEL,VAN DE STEL
VAN SCHOORSDRIFT,VAN SCHOORS DRIFT
VASCO ESTATE,VASCO
VASCO ESTATE,"VASCO, GOODWOOD"
VICTORIA MXENGE,VICTORIA MERGE
VISSERSHOK,KLEIN VISSERSHOK
VOELVLEI,VOGELVLEI
VOORBRUG,VOORBRUG / ROOSENDAL
VOORBRUG,"VOORBRUG,  DELFT"
VOORBRUG,"VOORBRUG, DELFT"
VREDEHOEK,VREDEHOEK~
VREDEKLOOF,VREDEKLOOF EAST
VREDEKLOOF,VREDEKLOOF HEIGHTS
VREDELUST,VREDELUST BELLVILLE
VREDELUST,VREDELUST KUIL RIVER
VREDELUST,VREDELUST KUILS RIVER
VREDENBERG,VREDENBURG
WALLACEDENE,W
WALLACEDENE,WALLACEDENE / SCOTTSDENE
WELGEMOED,KLEIN WELGEMOED
WELTEVREDEN VALLEY,WELTEVREDE VALLEY
WELTEVREDEN VALLEY,WELTEVREDEN
WELTEVREDEN VALLEY,WELTEVREDEN AVENUE
WELTEVREDEN VALLEY,WELTEVREDEN VALLEY NORTH
WELTEVREDEN VALLEY,"WELTEVREDEN VALLEY, MITCHELLS PLAIN"
WELTEVREDEN VALLEY,WELTEVREDEN VALLEY\
WELTEVREDEN VALLEY,WELTEVREDEN VALLEY\\
WELTEVREDEN VALLEY,WELTEVREDEN VALLY
WELTEVREDEN VALLEY,WELTEVREDEN VILLAGE
WEMBLEY PARK,WEMBLY PARK
WESBANK,WESBANK~
WESBANK,WESTBANK
WESFLEUR,AVONDALE - WESFLEUR
WESFLEUR,WESFLEUR - ATLANTIS INDUSTRIAL
WESTBANK,WESTBANK~
WESTGATE,"WESTGATE, MITCHELL'S PLAIN"
WESTLAKE,WESLAKE
WESTRIDGE,WESTRIDGE - MITCHELLS PLAIN
WESTRIDGE,WESTRIDGE (MPN)
WESTRIDGE,"WESTRIDGE, MITCHELLS PLAIN"
WESTRIDGE,WESTRIGDE
WETTON,WETTON|OTTERY
WILDWOOD,WILD WOOD
WINDERMERE,WINDERMERE (KENSINGTON)
WINDSOR PARK,WINSOR PARK
WINDSOR PARK ESTATE,WINDSOR ESTATE
WITSAND,WITSAND INFORMAL SETTLEMENT
WOODLANDS,WOODLANDS (MPN)
WOODLANDS,WOODLANDS-MITCHELL'S PLAIN
WYNBERG,WYNBERG NU
WYNBERG MILITARY BASE,@9SAI MILITRY BASE
YSTERPLAAT,YSTERPLAAT|( BROOKLYN )
ZEEKOEIVLEI,SEEKOOIVLEI
ZEEKOEIVLEI,ZEEKOE VLEI
ZEEKOEIVLEI,ZEEKOEI VLEI
ZEEKOEIVLEI,ZEEKOEVLEI
ZEVENWACHT,ZEVENWACHT FARM VILLAGE
ZEVENWACHT,ZEVENWACHT MALL
ZEVENWACHT,ZEVENWACHT RETIREMENT VILLAGE
ZEVENWACHT,ZEVENWAGHT
ZONNEBLOEM,ZONEBLOEM
